temperature,humidity,ph,rainfall,NPK_sum,NPK_mean,NPK_weighted,Actual,Predicted,Correct
22.99774444,60.24218572,4.603563116,159.689339,137,45.666666666666664,46.8,pigeonpeas,coffee,False
24.45802087,82.74835604,6.738652179,182.5616319,176,58.666666666666664,69.0,rice,jute,False
24.58453146,79.12404171,5.947448589,71.94608134,211,70.33333333333333,86.9,cotton,banana,False
27.50527651,80.79783998,6.156373499,105.0776992,198,66.0,70.7,banana,cotton,False
