temperature,humidity,ph,rainfall,NPK_sum,NPK_mean,NPK_weighted,Actual,Predicted,Correct
28.11321494,90.01734526,6.387067562,172.48136409999995,62,20.666666666666668,20.200000000000003,coconut,orange,False
22.45145981,76.25674874,7.432043735,86.84998693,160,53.333333333333336,66.0,cotton,maize,False
29.38538562,63.47742011,5.761702519,90.05422663,113,37.666666666666664,38.9,pigeonpeas,blackgram,False
24.45802087,82.74835604,6.738652179,182.5616319,176,58.666666666666664,69.0,rice,jute,False
24.58453146,79.12404171,5.947448589,71.94608134,211,70.33333333333333,86.9,cotton,banana,False
27.50527651,80.79783998,6.156373499,105.0776992,198,66.0,70.7,banana,cotton,False
